{"u1": 189.7068, "u2": 14.0, "y1": 97.16131245631547, "y3": 6.22900450966868, "y4": 124.28276523400001, "y5": 120.00000097952, "y7": 118.17024563480003, "y11": 105.25276054183679, "y16": 1.6219729584733997, "status": "Optimal"}